product_name,category,brand,cost_price,selling_price
T-Shirt,Fashion,Puma,541,1027.47
Smartphone,Electronics,Apple,1332,2298.34
Laptop,Electronics,Puma,4571,8903.4
Smartphone,Electronics,Nike,3764,6461.88
T-Shirt,Fashion,IKEA,4040,6720.47
Lamp,Home,Puma,4176,7757.87
Headphones,Electronics,IKEA,3348,5629.01
Smartphone,Electronics,Apple,2321,3399.61
Headphones,Electronics,Puma,4656,6405.12
Smartphone,Electronics,IKEA,4149,6112.74
Chair,Home,Puma,4224,8438.98
Laptop,Electronics,Nike,837,1621.71
Table,Home,Samsung,1577,2004.58
Jeans,Fashion,Sony,4707,9230.09
Jeans,Fashion,Sony,2182,2789.72
Smartphone,Electronics,IKEA,4558,7919.99
Laptop,Electronics,Nike,1938,3634.22
Chair,Home,Sony,4954,6732.15
Laptop,Electronics,IKEA,3306,5098.28
Smartphone,Electronics,Puma,217,329.42
Smartphone,Electronics,Apple,2988,4497.74
Lamp,Home,IKEA,4968,8708.21
Headphones,Electronics,Apple,4779,5892.34
Lamp,Home,Samsung,1118,1425.82
Lamp,Home,Samsung,459,722.02
Chair,Home,Puma,3236,4135.49
Smartphone,Electronics,Sony,1519,2047.66
Chair,Home,Puma,3568,4908.65
Lamp,Home,IKEA,2488,3507.25
Sneakers,Fashion,Apple,2867,3871.45
Jeans,Fashion,Sony,769,1052.67
Sneakers,Fashion,Nike,4087,5888.09
Lamp,Home,IKEA,3795,7515.19
Sneakers,Fashion,Apple,4421,6562.23
Jeans,Fashion,Samsung,703,1312.15
Sneakers,Fashion,Sony,4043,7417.41
Smartphone,Electronics,Sony,925,1275.31
Chair,Home,IKEA,1548,2029.66
Jeans,Fashion,Puma,3829,6612.15
Chair,Home,Sony,3631,7194.36
T-Shirt,Fashion,Nike,1181,1519.5
Lamp,Home,Apple,2305,4387.88
Sneakers,Fashion,Samsung,141,213.42
Headphones,Electronics,Samsung,893,1575.17
Table,Home,Sony,2756,3509.11
Jeans,Fashion,Nike,4175,7844.28
T-Shirt,Fashion,Nike,2446,4301.29
T-Shirt,Fashion,Samsung,1937,3580.15
Sneakers,Fashion,Samsung,1665,2193.56
Smartphone,Electronics,IKEA,2385,4187.77
Jeans,Fashion,Puma,4296,5933.33
T-Shirt,Fashion,Sony,3702,4879.85
Table,Home,Nike,4931,7752.0
Chair,Home,Puma,2041,3504.62
Smartphone,Electronics,Puma,2600,4791.1
Smartphone,Electronics,Apple,3905,6230.32
Sneakers,Fashion,Samsung,1716,3083.9
Table,Home,Apple,928,1342.53
Laptop,Electronics,IKEA,944,1326.29
Table,Home,Sony,573,922.94
Jeans,Fashion,Apple,2139,2647.32
Laptop,Electronics,Samsung,2755,3779.88
Sneakers,Fashion,Puma,4789,7308.57
Jeans,Fashion,Apple,4064,5860.64
T-Shirt,Fashion,Samsung,4831,5853.2
Laptop,Electronics,Nike,3117,4786.97
Lamp,Home,Samsung,4252,5371.23
Jeans,Fashion,Puma,3101,5532.87
Jeans,Fashion,Samsung,121,213.38
Jeans,Fashion,Nike,4158,5782.31
Jeans,Fashion,Puma,4067,8096.66
T-Shirt,Fashion,Apple,1003,1933.47
Smartphone,Electronics,Nike,2687,4162.64
Chair,Home,IKEA,3578,6598.8
Laptop,Electronics,Puma,3294,5526.6
Laptop,Electronics,IKEA,4351,5256.27
Headphones,Electronics,Samsung,732,934.54
Headphones,Electronics,Nike,3685,7134.04
Table,Home,Samsung,3541,6867.61
Table,Home,Puma,3103,4918.39
Jeans,Fashion,IKEA,4209,8134.57
Laptop,Electronics,Apple,3133,4627.63
Smartphone,Electronics,IKEA,1324,2025.43
Lamp,Home,Puma,4669,7970.67
Sneakers,Fashion,Samsung,2580,4775.53
Smartphone,Electronics,Apple,1344,2492.93
Sneakers,Fashion,Apple,4322,6778.06
Smartphone,Electronics,Puma,3004,5023.55
Chair,Home,Nike,3569,6383.71
Smartphone,Electronics,IKEA,2205,3037.02
Chair,Home,Puma,1853,2958.03
Smartphone,Electronics,Nike,1084,2025.75
T-Shirt,Fashion,Apple,3489,5792.69
Jeans,Fashion,Nike,660,1095.61
Lamp,Home,IKEA,3064,5281.37
Sneakers,Fashion,Apple,4438,7925.58
T-Shirt,Fashion,Sony,3155,6080.1
Jeans,Fashion,Samsung,548,817.11
Laptop,Electronics,Puma,4317,7824.07
Laptop,Electronics,Puma,2771,4798.52
Sneakers,Fashion,Samsung,4663,8503.58
Table,Home,Sony,2168,3085.26
Sneakers,Fashion,Sony,1395,2239.58
Lamp,Home,Samsung,3284,4539.01
Lamp,Home,Apple,1497,2910.18
Lamp,Home,Puma,3208,5693.46
Laptop,Electronics,Samsung,4354,5367.54
Sneakers,Fashion,Puma,427,711.04
Chair,Home,IKEA,4570,8690.5
Chair,Home,Apple,2480,4097.59
Smartphone,Electronics,Apple,4579,6416.95
Smartphone,Electronics,Samsung,1380,2540.04
Headphones,Electronics,Puma,4332,5283.26
Sneakers,Fashion,Sony,2224,4318.89
Chair,Home,IKEA,531,957.63
Chair,Home,Puma,2942,5087.72
Lamp,Home,IKEA,1444,1745.46
Jeans,Fashion,Puma,217,410.18
Headphones,Electronics,Apple,3905,5995.47
Sneakers,Fashion,Nike,567,712.7
Headphones,Electronics,Samsung,525,720.46
Jeans,Fashion,Samsung,2962,5734.24
Smartphone,Electronics,Puma,3278,4775.74
Lamp,Home,Nike,1145,2125.8
Table,Home,IKEA,340,454.53
Smartphone,Electronics,Sony,1892,2384.02
Jeans,Fashion,Apple,3220,6384.12
Lamp,Home,Samsung,1206,1949.92
Chair,Home,Sony,2533,5018.56
T-Shirt,Fashion,Apple,3291,5024.52
Headphones,Electronics,Samsung,1707,2103.54
Table,Home,Puma,2551,3172.89
Jeans,Fashion,Samsung,265,466.72
Sneakers,Fashion,Sony,406,713.84
Sneakers,Fashion,Puma,305,592.85
Sneakers,Fashion,Nike,410,621.14
T-Shirt,Fashion,Puma,2234,4307.51
T-Shirt,Fashion,Nike,4751,7113.78
Smartphone,Electronics,IKEA,4793,7736.96
Smartphone,Electronics,Samsung,878,1152.41
Smartphone,Electronics,Sony,4028,7586.67
Headphones,Electronics,Nike,4275,7751.23
Headphones,Electronics,Samsung,3051,3694.2
Smartphone,Electronics,Samsung,1933,3389.71
Laptop,Electronics,Nike,894,1702.25
Laptop,Electronics,Sony,2832,5190.48
Sneakers,Fashion,Apple,2047,3375.49
Laptop,Electronics,Nike,1237,1863.71
Chair,Home,Samsung,2175,4271.55
Smartphone,Electronics,Nike,2113,3111.53
Lamp,Home,Apple,422,712.53
Laptop,Electronics,Puma,2482,3390.28
Smartphone,Electronics,Sony,846,1449.25
Sneakers,Fashion,IKEA,1232,2094.1
Table,Home,Sony,3108,4054.42
Chair,Home,Puma,1842,2297.46
Sneakers,Fashion,Samsung,4056,5412.05
Chair,Home,Samsung,2220,4119.7
Jeans,Fashion,Puma,3151,5442.87
Chair,Home,Sony,4413,5974.58
Lamp,Home,Samsung,2787,3919.82
Chair,Home,IKEA,2556,4518.02
Laptop,Electronics,IKEA,4070,7406.33
Jeans,Fashion,Puma,3706,5293.5
Chair,Home,Puma,222,350.47
Laptop,Electronics,Samsung,129,196.94
Jeans,Fashion,Samsung,2056,3801.34
Laptop,Electronics,Nike,2063,2854.57
Headphones,Electronics,Apple,3530,5879.16
Lamp,Home,IKEA,1552,2436.29
Jeans,Fashion,Puma,3186,5040.41
T-Shirt,Fashion,IKEA,3170,4574.12
Lamp,Home,Puma,3932,5157.42
Lamp,Home,Apple,4286,5676.82
Sneakers,Fashion,IKEA,285,397.27
Lamp,Home,Apple,1893,3046.86
Chair,Home,IKEA,1205,1999.62
Chair,Home,Puma,2363,3460.91
Chair,Home,IKEA,1802,3597.2
Table,Home,Sony,3476,6543.14
Laptop,Electronics,IKEA,3092,5064.34
T-Shirt,Fashion,Apple,1169,2007.02
Smartphone,Electronics,Sony,3842,6278.64
Jeans,Fashion,IKEA,2677,4199.3
Jeans,Fashion,Sony,3153,5114.06
Laptop,Electronics,IKEA,2280,2904.97
Smartphone,Electronics,Apple,491,768.05
Sneakers,Fashion,Sony,408,542.95
Headphones,Electronics,Puma,2884,4670.31
Chair,Home,Puma,3639,5065.29
Laptop,Electronics,Puma,822,1383.81
Laptop,Electronics,Sony,2281,3399.99
Smartphone,Electronics,IKEA,3263,6318.51
Sneakers,Fashion,Apple,381,700.67
Smartphone,Electronics,Sony,1015,1424.94
Sneakers,Fashion,Samsung,4879,8818.21
T-Shirt,Fashion,Puma,4629,6429.51
Table,Home,Sony,4940,7516.09
Chair,Home,Samsung,4593,5815.16
T-Shirt,Fashion,Apple,3844,7008.66
Chair,Home,Sony,1143,1491.1
Smartphone,Electronics,Sony,4161,5753.14
Laptop,Electronics,Apple,429,581.74
Smartphone,Electronics,Nike,2701,4225.91
Jeans,Fashion,Sony,1238,1659.83
Smartphone,Electronics,IKEA,335,585.08
Headphones,Electronics,Puma,3339,5473.08
Jeans,Fashion,Apple,119,221.48
Headphones,Electronics,Samsung,1966,3049.3
Sneakers,Fashion,Puma,4004,7590.55
Jeans,Fashion,Sony,2999,4505.54
Smartphone,Electronics,Nike,4049,7869.65
Headphones,Electronics,IKEA,1598,2598.44
Chair,Home,Samsung,1631,3085.21
Smartphone,Electronics,IKEA,4314,6905.41
Chair,Home,Sony,4498,6009.08
T-Shirt,Fashion,Apple,3432,6427.48
Laptop,Electronics,Puma,4973,7056.47
Jeans,Fashion,Sony,990,1521.57
Lamp,Home,Sony,2086,3931.18
Headphones,Electronics,Apple,2326,3651.53
Headphones,Electronics,Nike,4524,6418.67
Lamp,Home,IKEA,1898,2534.76
Smartphone,Electronics,IKEA,1765,2964.51
Sneakers,Fashion,Nike,397,528.56
Sneakers,Fashion,Sony,732,933.54
Laptop,Electronics,Nike,1425,2322.8
Table,Home,Nike,776,1513.72
Smartphone,Electronics,Samsung,3999,7833.6
Headphones,Electronics,Sony,1915,3343.96
Lamp,Home,Apple,845,1476.99
Table,Home,Apple,3352,4650.45
Jeans,Fashion,Apple,3991,7623.76
Chair,Home,Nike,4591,6510.36
T-Shirt,Fashion,Nike,178,310.9
Headphones,Electronics,IKEA,1137,1856.87
Sneakers,Fashion,Nike,1128,1699.24
Headphones,Electronics,IKEA,216,343.62
Table,Home,Apple,3797,4696.03
T-Shirt,Fashion,IKEA,4238,8194.52
Lamp,Home,Sony,432,704.92
Chair,Home,Sony,2065,2708.88
Table,Home,Apple,2270,3118.9
T-Shirt,Fashion,Nike,3369,4044.41
Laptop,Electronics,IKEA,833,1600.39
Lamp,Home,Apple,1474,2213.69
Headphones,Electronics,Nike,400,710.59
Lamp,Home,Apple,2024,3795.86
Chair,Home,IKEA,323,555.79
Table,Home,IKEA,973,1705.54
Headphones,Electronics,Nike,3844,7062.02
Smartphone,Electronics,IKEA,4614,5881.08
Sneakers,Fashion,Samsung,2606,4730.0
Headphones,Electronics,Samsung,1141,1997.8
Smartphone,Electronics,Nike,3330,5815.78
Table,Home,Sony,3143,4738.55
Laptop,Electronics,Apple,2767,3913.48
Smartphone,Electronics,IKEA,3161,5079.54
Lamp,Home,Puma,4004,6343.0
Headphones,Electronics,Apple,3593,6405.74
Lamp,Home,Samsung,1763,2715.94
Laptop,Electronics,Puma,717,1266.72
Jeans,Fashion,Nike,3975,6499.85
Headphones,Electronics,Nike,3005,4622.94
T-Shirt,Fashion,IKEA,2329,4209.93
Smartphone,Electronics,Sony,3086,4345.48
Smartphone,Electronics,Apple,2138,3075.44
Laptop,Electronics,Sony,4801,6025.99
Chair,Home,Puma,4389,7686.41
Headphones,Electronics,IKEA,4613,6311.49
Jeans,Fashion,Samsung,4452,6509.54
Jeans,Fashion,Apple,256,351.73
Headphones,Electronics,Sony,4045,7131.62
Smartphone,Electronics,Sony,1120,2041.66
Sneakers,Fashion,Nike,3033,4383.53
Headphones,Electronics,Puma,2528,3181.04
Jeans,Fashion,Sony,685,915.71
Headphones,Electronics,IKEA,2670,4807.38
Lamp,Home,Apple,3457,4633.12
Lamp,Home,Apple,1723,2873.08
Table,Home,Samsung,1874,3166.78
Sneakers,Fashion,Apple,966,1804.25
Chair,Home,Apple,4705,7316.57
T-Shirt,Fashion,Puma,3546,4749.84
Sneakers,Fashion,Nike,3596,6891.38
Sneakers,Fashion,Nike,2465,4545.96
Sneakers,Fashion,Puma,1930,3370.9
Smartphone,Electronics,Samsung,4557,8202.86
Laptop,Electronics,Puma,376,737.12
T-Shirt,Fashion,Samsung,3710,7175.33
Jeans,Fashion,Puma,1681,3061.44
Laptop,Electronics,Sony,4500,8811.2
Jeans,Fashion,IKEA,4892,6984.1
Laptop,Electronics,Nike,420,591.22
Laptop,Electronics,Puma,1572,3058.01
Table,Home,Samsung,719,1118.47
Table,Home,IKEA,4246,8432.16
Sneakers,Fashion,Samsung,1421,1968.44
Lamp,Home,IKEA,2492,3542.6
Laptop,Electronics,Samsung,791,994.06
Laptop,Electronics,Samsung,4510,8865.62
T-Shirt,Fashion,Nike,3647,6057.19
Sneakers,Fashion,Samsung,1705,2690.76
Headphones,Electronics,Nike,4618,7685.04
Chair,Home,Nike,2307,3208.17
Chair,Home,IKEA,3448,6526.41
T-Shirt,Fashion,Sony,913,1409.36
Smartphone,Electronics,Sony,1563,2882.04
Table,Home,Puma,3152,5350.44
Table,Home,Nike,2158,2952.09
Table,Home,Sony,4033,4969.67
Lamp,Home,Puma,161,214.32
Laptop,Electronics,Samsung,3785,5466.4
T-Shirt,Fashion,Apple,1245,2043.32
Chair,Home,IKEA,4244,6422.97
Lamp,Home,Nike,2017,2423.58
Jeans,Fashion,IKEA,505,802.36
Smartphone,Electronics,Sony,324,545.28
Lamp,Home,Sony,1777,3176.15
Headphones,Electronics,Puma,166,226.09
Headphones,Electronics,Sony,1310,2114.49
Table,Home,Samsung,4137,6578.54
Lamp,Home,Samsung,326,568.38
Headphones,Electronics,Nike,2690,5112.5
Lamp,Home,Puma,3061,4171.98
Jeans,Fashion,Apple,4147,5540.19
Table,Home,Apple,4020,6451.24
Laptop,Electronics,Nike,2153,2724.58
Sneakers,Fashion,Apple,4162,6220.63
T-Shirt,Fashion,Puma,2409,3876.94
Chair,Home,IKEA,654,911.33
Lamp,Home,Puma,4106,6187.02
Sneakers,Fashion,Samsung,2029,2880.67
Laptop,Electronics,Sony,1297,2271.28
Lamp,Home,Nike,4087,5256.84
Lamp,Home,Puma,3382,5971.66
Sneakers,Fashion,IKEA,4417,7232.86
Sneakers,Fashion,Samsung,2540,3510.93
Smartphone,Electronics,Puma,555,874.35
Lamp,Home,Samsung,4456,8667.84
T-Shirt,Fashion,Puma,2451,4125.09
Headphones,Electronics,Apple,3967,6552.23
Sneakers,Fashion,Apple,2576,4210.68
Sneakers,Fashion,Nike,3237,3907.95
Lamp,Home,IKEA,111,189.27
Chair,Home,Puma,1789,3406.78
Sneakers,Fashion,Puma,3313,6165.31
Table,Home,Apple,2631,4326.43
Table,Home,Apple,2473,4895.35
Table,Home,Apple,4492,6503.94
Lamp,Home,Samsung,1545,2918.03
Lamp,Home,IKEA,3496,5489.26
Smartphone,Electronics,Sony,4642,9028.15
Laptop,Electronics,Samsung,4715,5993.39
Laptop,Electronics,Samsung,763,1292.34
Jeans,Fashion,IKEA,2270,3117.04
Smartphone,Electronics,Nike,909,1281.65
Laptop,Electronics,IKEA,2707,3454.45
Lamp,Home,Nike,2969,3741.9
Jeans,Fashion,Nike,1487,2312.8
T-Shirt,Fashion,Apple,1539,2282.3
Laptop,Electronics,Samsung,418,652.38
Chair,Home,Puma,2424,4522.12
Lamp,Home,Puma,2376,4469.13
Jeans,Fashion,Samsung,3200,5816.28
Smartphone,Electronics,Puma,315,593.64
Lamp,Home,IKEA,1398,2065.99
Smartphone,Electronics,Nike,745,912.99
Lamp,Home,Sony,1874,3111.35
Headphones,Electronics,Apple,427,712.16
Jeans,Fashion,IKEA,4565,7857.84
Smartphone,Electronics,IKEA,3682,5626.49
Laptop,Electronics,Samsung,3602,6757.0
Laptop,Electronics,Puma,571,917.2
Headphones,Electronics,Samsung,4109,7735.76
Sneakers,Fashion,Samsung,3007,4151.1
Lamp,Home,Nike,289,351.47
Chair,Home,Puma,3138,5296.09
Laptop,Electronics,Samsung,3817,4759.23
Table,Home,IKEA,2933,4146.85
Sneakers,Fashion,IKEA,1577,2548.36
Smartphone,Electronics,IKEA,1908,2593.36
Laptop,Electronics,IKEA,2995,3638.9
Headphones,Electronics,Apple,2328,4496.67
Sneakers,Fashion,Apple,2718,5089.57
Headphones,Electronics,Sony,3059,4256.23
Lamp,Home,Puma,2883,5588.79
Smartphone,Electronics,Samsung,4531,6335.51
Lamp,Home,Apple,659,1050.42
Jeans,Fashion,IKEA,1866,3417.24
Table,Home,Samsung,4018,7174.9
Lamp,Home,Samsung,1706,2049.09
Jeans,Fashion,Puma,1419,2835.55
Lamp,Home,Apple,2518,4980.61
Headphones,Electronics,Puma,2365,3540.19
Lamp,Home,Puma,4688,7250.36
Chair,Home,Nike,2003,3562.93
Jeans,Fashion,IKEA,3477,5219.96
Sneakers,Fashion,IKEA,1328,2553.96
Headphones,Electronics,IKEA,2470,4597.19
Lamp,Home,Apple,789,1275.38
Laptop,Electronics,Samsung,4944,8247.45
Jeans,Fashion,Nike,4705,9218.24
Jeans,Fashion,Nike,2155,2610.25
Lamp,Home,IKEA,2748,4323.39
T-Shirt,Fashion,Apple,4692,6748.19
Laptop,Electronics,Puma,4566,8648.96
Chair,Home,Nike,1505,2849.63
Table,Home,Sony,3279,4287.48
T-Shirt,Fashion,IKEA,4180,6190.17
Chair,Home,IKEA,3689,5243.12
Jeans,Fashion,Sony,439,583.6
Jeans,Fashion,Samsung,1700,3031.08
Table,Home,Samsung,2384,4067.2
Chair,Home,IKEA,2022,3942.38
Table,Home,Apple,2692,4682.4
Table,Home,Samsung,1934,3466.95
Lamp,Home,Apple,1373,1700.68
Jeans,Fashion,Puma,3333,4603.24
Smartphone,Electronics,Sony,3153,6176.8
Lamp,Home,Nike,3526,5764.19
T-Shirt,Fashion,Sony,981,1834.48
Headphones,Electronics,Puma,2414,3149.71
Headphones,Electronics,Sony,4897,9426.31
T-Shirt,Fashion,Apple,4212,7768.5
Laptop,Electronics,Nike,436,725.03
Jeans,Fashion,Samsung,3673,6525.33
Smartphone,Electronics,IKEA,642,996.35
Lamp,Home,IKEA,3002,4789.58
Jeans,Fashion,Nike,165,329.57
Sneakers,Fashion,IKEA,226,404.75
Table,Home,Puma,4558,6419.97
Sneakers,Fashion,Puma,2667,5101.09
Headphones,Electronics,Apple,4347,5901.67
Laptop,Electronics,Apple,3319,6125.61
Sneakers,Fashion,Samsung,3952,5466.59
Chair,Home,IKEA,1694,2071.9
Sneakers,Fashion,IKEA,3730,5891.4
Smartphone,Electronics,Samsung,3564,7010.15
Lamp,Home,Sony,1870,3160.21
Table,Home,IKEA,423,658.49
T-Shirt,Fashion,Nike,354,610.24
Table,Home,Samsung,1523,2612.52
Jeans,Fashion,Apple,120,185.72
Headphones,Electronics,Sony,3220,4847.56
Smartphone,Electronics,Nike,3482,6206.82
Chair,Home,Sony,4078,6777.54
Table,Home,Apple,4897,7445.75
T-Shirt,Fashion,Sony,3938,5909.14
Laptop,Electronics,Samsung,2933,4162.57
T-Shirt,Fashion,Nike,2284,3778.39
Jeans,Fashion,Nike,1441,1986.88
Chair,Home,Sony,2377,4247.37
Table,Home,IKEA,3846,7234.46
Headphones,Electronics,Apple,4659,7806.23
Jeans,Fashion,Sony,544,683.35
Laptop,Electronics,Samsung,1822,3520.19
Headphones,Electronics,Samsung,1706,2741.07
Jeans,Fashion,Nike,3959,7242.61
Headphones,Electronics,Sony,3485,6888.94
Lamp,Home,Apple,3197,5958.72
Smartphone,Electronics,Apple,3461,6028.33
Headphones,Electronics,Apple,1204,1463.74
Headphones,Electronics,Samsung,1067,1656.27
Jeans,Fashion,Nike,356,550.65
Table,Home,Puma,1096,1407.81
Laptop,Electronics,IKEA,1739,3477.31
Jeans,Fashion,Nike,460,669.81
T-Shirt,Fashion,Nike,3747,6400.19
Jeans,Fashion,IKEA,4690,6141.94
Sneakers,Fashion,Sony,2157,4294.76
Headphones,Electronics,IKEA,1097,1544.54
Headphones,Electronics,Puma,2026,3839.81
Jeans,Fashion,Puma,4000,4965.77
Chair,Home,Nike,807,1576.72
Table,Home,Samsung,266,503.97
Laptop,Electronics,Apple,4018,6193.33
Sneakers,Fashion,IKEA,916,1400.68
Headphones,Electronics,Samsung,2967,3662.23
Jeans,Fashion,Sony,4807,6319.13
Sneakers,Fashion,Apple,3611,4413.06
Table,Home,Puma,902,1504.55
Chair,Home,IKEA,1270,1787.23
Smartphone,Electronics,Sony,2705,5160.57
T-Shirt,Fashion,Nike,604,753.89
Lamp,Home,Apple,2051,3479.97
T-Shirt,Fashion,Puma,445,693.27
Sneakers,Fashion,Sony,1174,1802.09
Chair,Home,Puma,3880,6474.52
Lamp,Home,Puma,4656,5871.8
Jeans,Fashion,Sony,3876,6906.07
Jeans,Fashion,Apple,841,1332.65
Lamp,Home,Puma,1994,3687.29
Headphones,Electronics,Apple,2571,3551.69
Laptop,Electronics,IKEA,2042,3865.64
Lamp,Home,Nike,417,774.52
Laptop,Electronics,Nike,1814,2489.27
Lamp,Home,Apple,3409,4191.33
Sneakers,Fashion,Sony,3235,3979.88
Jeans,Fashion,Nike,825,1257.79
Laptop,Electronics,Puma,2556,3232.59
Chair,Home,Puma,3641,4833.11
Jeans,Fashion,Nike,3140,3804.03
Smartphone,Electronics,Puma,4855,7347.29
Laptop,Electronics,Sony,3153,4980.59
Lamp,Home,IKEA,1798,3498.29
Lamp,Home,Nike,360,521.09
Jeans,Fashion,Sony,927,1654.84
Laptop,Electronics,Nike,1827,3235.55
Jeans,Fashion,Apple,1202,2266.28
Lamp,Home,IKEA,4615,6915.63
Laptop,Electronics,Nike,4079,5877.27
Headphones,Electronics,Apple,1124,1952.41
Laptop,Electronics,Puma,2382,4079.22
Jeans,Fashion,Puma,488,769.8
Smartphone,Electronics,Samsung,364,673.08
Sneakers,Fashion,IKEA,350,586.53
Sneakers,Fashion,Samsung,2616,3804.77
Lamp,Home,Nike,1926,2516.72
Smartphone,Electronics,Samsung,4396,5879.33
Sneakers,Fashion,IKEA,3398,5876.22
Lamp,Home,Sony,2798,4345.57
Laptop,Electronics,Apple,2932,5070.97
Lamp,Home,Sony,2479,4029.7
Jeans,Fashion,IKEA,3018,3938.46
Sneakers,Fashion,Nike,287,419.82
Lamp,Home,Nike,3664,7043.03
Smartphone,Electronics,Puma,996,1635.11
Laptop,Electronics,IKEA,3350,5535.78
Headphones,Electronics,Sony,970,1510.82
T-Shirt,Fashion,Puma,3180,5740.22
Table,Home,Sony,2244,3944.71
Sneakers,Fashion,Sony,3841,6319.77
T-Shirt,Fashion,IKEA,2513,4553.25
Smartphone,Electronics,Sony,1648,3256.29
Chair,Home,Puma,2911,3765.07
Lamp,Home,Nike,827,1300.3
Lamp,Home,Puma,167,268.34
Table,Home,Sony,1187,1854.72
Sneakers,Fashion,Nike,3293,6125.92
Smartphone,Electronics,Apple,3646,6444.43
Table,Home,IKEA,4162,6411.97
Table,Home,IKEA,3833,5738.05
Jeans,Fashion,IKEA,4250,6488.21
Sneakers,Fashion,Samsung,1520,2209.29
Jeans,Fashion,Sony,864,1699.76
Lamp,Home,Samsung,4824,5860.91
Jeans,Fashion,Puma,2175,3466.99
Laptop,Electronics,IKEA,2211,3564.03
Chair,Home,Sony,2992,4476.33
Chair,Home,Sony,1045,1763.1
Headphones,Electronics,Puma,3110,6174.05
Smartphone,Electronics,Samsung,310,505.4
Table,Home,Puma,2928,5300.48
Laptop,Electronics,Sony,3982,5167.0
Smartphone,Electronics,Sony,3357,5756.47
Lamp,Home,Nike,624,1106.12
Jeans,Fashion,Puma,1131,1404.61
Sneakers,Fashion,Nike,1909,3128.46
Chair,Home,Nike,208,324.7
Table,Home,Sony,1288,1825.27
Laptop,Electronics,Apple,3224,6201.49
Jeans,Fashion,Apple,3826,4703.91
Lamp,Home,IKEA,4117,7492.23
Jeans,Fashion,Samsung,914,1121.21
Sneakers,Fashion,Apple,1463,2547.79
Chair,Home,Nike,2670,4431.81
Smartphone,Electronics,Sony,1579,2271.99
Table,Home,IKEA,1246,2173.12
Table,Home,Puma,4296,6574.31
Table,Home,Samsung,4644,8291.64
T-Shirt,Fashion,Sony,4336,6597.46
Laptop,Electronics,Apple,1226,2086.02
Jeans,Fashion,Apple,2464,3952.59
Sneakers,Fashion,IKEA,1242,1857.48
Jeans,Fashion,Apple,526,981.36
T-Shirt,Fashion,Nike,3392,4080.39
Headphones,Electronics,Puma,4083,7387.73
Headphones,Electronics,Puma,387,483.17
Smartphone,Electronics,Samsung,2730,5342.33
Table,Home,Nike,558,1006.72
Table,Home,Apple,3101,4303.18
Lamp,Home,Samsung,150,222.37
Chair,Home,Nike,264,463.04
Headphones,Electronics,Samsung,2787,5406.88
Laptop,Electronics,Sony,2326,4292.94
Sneakers,Fashion,Apple,2362,4047.71
Headphones,Electronics,Puma,286,512.71
Laptop,Electronics,Sony,1606,2126.78
Headphones,Electronics,Puma,4200,5819.31
Chair,Home,IKEA,1487,2961.68
T-Shirt,Fashion,Sony,1476,2719.77
Smartphone,Electronics,Puma,659,823.64
Sneakers,Fashion,Samsung,2976,5721.49
Smartphone,Electronics,IKEA,2316,3976.67
T-Shirt,Fashion,Nike,1141,1578.66
Lamp,Home,Sony,133,253.09
Headphones,Electronics,Apple,1569,2776.62
Jeans,Fashion,Puma,2941,3768.59
Jeans,Fashion,Puma,4675,7740.79
Chair,Home,Puma,2577,4154.36
Smartphone,Electronics,IKEA,3256,6021.28
Jeans,Fashion,Apple,3680,4804.17
Jeans,Fashion,Samsung,1846,3201.28
Jeans,Fashion,Nike,1893,3682.85
Headphones,Electronics,Samsung,924,1669.46
Jeans,Fashion,Puma,1179,1427.99
Laptop,Electronics,Apple,1126,1698.53
T-Shirt,Fashion,IKEA,3417,4646.86
T-Shirt,Fashion,Apple,3259,5349.55
Jeans,Fashion,Puma,4074,6467.8
Jeans,Fashion,Puma,3490,5824.76
Lamp,Home,Apple,3789,4973.37
T-Shirt,Fashion,IKEA,628,1139.1
Jeans,Fashion,Nike,4171,7107.36
Table,Home,Puma,4263,6014.21
Smartphone,Electronics,Puma,1753,2782.38
Laptop,Electronics,Nike,804,1091.0
Table,Home,Sony,549,1034.88
Smartphone,Electronics,Apple,730,1069.75
Chair,Home,Apple,2967,4454.43
T-Shirt,Fashion,Nike,1768,2608.22
Chair,Home,Puma,2006,3258.05
Smartphone,Electronics,IKEA,2817,3921.11
Smartphone,Electronics,Puma,4875,6600.73
Headphones,Electronics,Apple,2827,4141.51
Jeans,Fashion,Sony,3831,7097.92
Chair,Home,Puma,3996,6374.01
Headphones,Electronics,IKEA,537,666.17
Laptop,Electronics,Puma,4352,6434.7
Sneakers,Fashion,Puma,1371,2709.91
T-Shirt,Fashion,Puma,1543,2861.7
Table,Home,Nike,4734,8609.71
Chair,Home,Puma,3142,5466.3
Lamp,Home,Puma,540,653.48
Table,Home,Puma,4524,7997.17
Smartphone,Electronics,Apple,4180,6000.02
Laptop,Electronics,IKEA,118,156.67
Laptop,Electronics,Samsung,2929,5575.23
Sneakers,Fashion,IKEA,4058,5929.64
Table,Home,Puma,1145,2048.39
Sneakers,Fashion,Apple,1856,2398.25
Headphones,Electronics,Samsung,4613,6043.37
Headphones,Electronics,Sony,4619,8917.89
Sneakers,Fashion,Sony,2422,4573.6
Lamp,Home,Apple,3160,4190.8
Sneakers,Fashion,Sony,2557,3853.64
Chair,Home,Nike,524,790.36
Table,Home,IKEA,3116,5914.88
Jeans,Fashion,Apple,3902,7394.14
Laptop,Electronics,Sony,482,847.02
Chair,Home,Samsung,4726,7100.05
Chair,Home,Puma,2135,4105.73
Smartphone,Electronics,Samsung,3632,5301.07
Laptop,Electronics,Puma,3552,6308.45
Table,Home,Puma,2130,3358.44
Jeans,Fashion,Sony,3082,5966.35
Headphones,Electronics,Sony,4453,6445.4
Smartphone,Electronics,Puma,3958,6404.16
T-Shirt,Fashion,Nike,2407,4246.87
Headphones,Electronics,Apple,195,269.15
Jeans,Fashion,IKEA,1311,1765.84
Jeans,Fashion,Apple,2371,4376.61
Table,Home,IKEA,4634,7132.57
Headphones,Electronics,Nike,549,880.58
Laptop,Electronics,Apple,4586,8412.67
Chair,Home,Apple,756,1475.16
Headphones,Electronics,Puma,621,1087.26
Chair,Home,Puma,822,1147.38
Lamp,Home,Sony,4805,6512.43
Table,Home,Sony,550,964.42
T-Shirt,Fashion,Puma,959,1886.98
Chair,Home,IKEA,3394,5130.58
Sneakers,Fashion,Samsung,1409,2472.73
Smartphone,Electronics,Samsung,100,154.25
Chair,Home,Sony,2402,3669.96
Sneakers,Fashion,Apple,4931,6661.72
Headphones,Electronics,Puma,3298,5274.14
Jeans,Fashion,Apple,1056,1579.6
Sneakers,Fashion,Apple,3804,4710.04
Laptop,Electronics,Samsung,461,755.97
Headphones,Electronics,Samsung,4466,6154.02
Sneakers,Fashion,Puma,1848,3157.51
Chair,Home,Nike,2429,3145.4
Laptop,Electronics,Samsung,886,1638.68
T-Shirt,Fashion,Apple,489,768.39
T-Shirt,Fashion,Samsung,721,1321.58
Jeans,Fashion,Sony,2375,3115.91
T-Shirt,Fashion,Puma,1546,2282.52
Chair,Home,IKEA,395,648.8
Jeans,Fashion,IKEA,2148,3961.81
Sneakers,Fashion,Samsung,1887,2626.68
Chair,Home,Sony,234,432.79
Jeans,Fashion,Nike,4234,5623.81
Chair,Home,IKEA,4717,8976.32
Chair,Home,Puma,892,1250.52
Jeans,Fashion,Puma,4656,6102.34
T-Shirt,Fashion,Apple,3710,5943.42
Smartphone,Electronics,IKEA,3913,6729.48
Headphones,Electronics,Nike,3613,7037.63
Chair,Home,Nike,1723,3342.37
Jeans,Fashion,Apple,2638,3249.57
Jeans,Fashion,IKEA,3661,5581.92
T-Shirt,Fashion,Puma,3257,4338.55
T-Shirt,Fashion,Sony,4061,6206.05
Table,Home,Samsung,2786,5434.43
Chair,Home,IKEA,310,573.56
Table,Home,Samsung,329,588.91
Smartphone,Electronics,Apple,1709,2343.32
Jeans,Fashion,Sony,396,500.65
Lamp,Home,Sony,3767,5006.33
Lamp,Home,IKEA,2311,3110.15
Smartphone,Electronics,Nike,4223,6054.35
T-Shirt,Fashion,Puma,4223,6508.74
T-Shirt,Fashion,Sony,4140,5105.73
Lamp,Home,Puma,103,165.07
Lamp,Home,Samsung,120,229.35
Headphones,Electronics,IKEA,4469,6921.69
Smartphone,Electronics,Nike,2924,4211.86
T-Shirt,Fashion,Sony,418,520.37
Sneakers,Fashion,IKEA,3225,6238.71
Jeans,Fashion,Nike,2428,3092.52
Sneakers,Fashion,Sony,1586,2555.78
Smartphone,Electronics,IKEA,3589,6648.4
Jeans,Fashion,Apple,3987,7098.78
Chair,Home,Apple,2223,4145.24
Headphones,Electronics,Apple,735,1395.67
Sneakers,Fashion,Samsung,2479,4233.76
Chair,Home,Nike,4971,7814.32
Chair,Home,Nike,1090,1568.54
Jeans,Fashion,Samsung,4597,5971.85
T-Shirt,Fashion,Puma,2132,4070.47
Lamp,Home,Samsung,1541,2388.75
Headphones,Electronics,Apple,1242,1526.79
Table,Home,Nike,4754,6937.66
T-Shirt,Fashion,IKEA,848,1345.05
T-Shirt,Fashion,Samsung,2446,4084.57
Chair,Home,Sony,2580,3412.08
Laptop,Electronics,Nike,3174,4245.71
Chair,Home,Samsung,4309,5480.27
T-Shirt,Fashion,Puma,2350,3682.51
Sneakers,Fashion,Samsung,4900,6610.86
Smartphone,Electronics,IKEA,1577,2226.44
T-Shirt,Fashion,Puma,4858,8756.39
Chair,Home,Nike,3048,5026.93
Jeans,Fashion,IKEA,3733,4535.79
Table,Home,Nike,849,1344.74
Chair,Home,IKEA,798,1562.81
Laptop,Electronics,Sony,2830,5432.14
T-Shirt,Fashion,Samsung,145,189.06
T-Shirt,Fashion,Samsung,939,1460.86
Sneakers,Fashion,Apple,1935,2503.75
Table,Home,Samsung,2580,4241.19
Table,Home,Sony,688,1317.22
Sneakers,Fashion,Puma,4174,5855.47
Sneakers,Fashion,Apple,2456,4653.84
Laptop,Electronics,Nike,2647,3528.7
Laptop,Electronics,Sony,2710,4639.76
Chair,Home,IKEA,2868,3994.89
Sneakers,Fashion,Nike,4152,6000.34
T-Shirt,Fashion,Puma,2634,5072.7
Lamp,Home,Sony,2312,3128.15
T-Shirt,Fashion,Nike,4314,6916.74
Jeans,Fashion,Nike,4624,8938.6
Smartphone,Electronics,Samsung,2553,4571.81
T-Shirt,Fashion,Nike,1347,2427.05
Sneakers,Fashion,Sony,4368,8475.42
Chair,Home,Puma,1206,1936.73
Sneakers,Fashion,Samsung,2535,3070.7
Lamp,Home,IKEA,3006,4793.16
Smartphone,Electronics,Sony,716,1358.76
Laptop,Electronics,Samsung,4545,6906.59
T-Shirt,Fashion,Samsung,552,739.16
Laptop,Electronics,Samsung,1283,1787.35
Lamp,Home,Nike,3702,6809.57
Smartphone,Electronics,Apple,4002,4907.76
T-Shirt,Fashion,Nike,370,674.37
T-Shirt,Fashion,Nike,4774,7082.37
Table,Home,Samsung,1030,1281.42
Sneakers,Fashion,Puma,1060,2053.62
Sneakers,Fashion,Nike,2150,3969.11
Chair,Home,Sony,4697,8920.98
Lamp,Home,Sony,4042,6413.2
Headphones,Electronics,IKEA,2741,4684.86
Smartphone,Electronics,Sony,4589,7014.57
Table,Home,Nike,3685,5198.73
Sneakers,Fashion,Puma,392,522.63
Headphones,Electronics,Samsung,3840,5384.71
Smartphone,Electronics,Nike,3152,5686.64
Sneakers,Fashion,Sony,1835,2250.66
Smartphone,Electronics,Samsung,742,1106.68
Laptop,Electronics,Samsung,2263,4182.69
Chair,Home,Nike,1364,2010.55
Jeans,Fashion,Apple,151,234.67
Chair,Home,Nike,4801,7322.72
Lamp,Home,Sony,2286,4431.87
Smartphone,Electronics,Apple,4093,7447.42
Table,Home,Samsung,1121,1481.75
Table,Home,Puma,2853,4599.72
Chair,Home,Sony,3716,5488.67
Jeans,Fashion,Sony,3486,4543.52
Table,Home,Samsung,1955,3864.51
Jeans,Fashion,Apple,119,146.98
Table,Home,Samsung,2712,3903.85
Lamp,Home,Sony,2164,3151.46
Table,Home,IKEA,1048,1883.44
T-Shirt,Fashion,IKEA,4901,8395.34
Chair,Home,IKEA,3555,6608.72
Jeans,Fashion,Puma,2075,3273.21
Headphones,Electronics,Puma,3428,5056.79
Lamp,Home,Nike,3045,6060.54
Headphones,Electronics,Nike,1374,2255.64
Sneakers,Fashion,Apple,335,496.06
Table,Home,Nike,1475,2800.96
Jeans,Fashion,Apple,2933,3939.61
Sneakers,Fashion,Apple,2262,4457.48
Headphones,Electronics,Apple,2613,4584.13
Sneakers,Fashion,Nike,3126,4670.43
Lamp,Home,Samsung,4352,6990.87
Jeans,Fashion,Sony,131,237.05
Table,Home,Apple,2593,4945.84
Sneakers,Fashion,Nike,3632,5752.47
Laptop,Electronics,Puma,4268,6273.69
Table,Home,IKEA,3263,5261.54
Sneakers,Fashion,IKEA,3672,6300.51
Laptop,Electronics,Samsung,4166,7217.14
Headphones,Electronics,Puma,3211,5075.62
Headphones,Electronics,IKEA,1923,3810.04
Lamp,Home,IKEA,1461,2336.45
Sneakers,Fashion,Puma,2486,3829.26
Laptop,Electronics,Sony,4341,8391.67
Smartphone,Electronics,IKEA,2335,4341.88
T-Shirt,Fashion,Sony,2521,3757.33
Lamp,Home,Puma,1547,2354.46
Chair,Home,Samsung,4084,5151.91
Chair,Home,Sony,2187,4137.45
Lamp,Home,IKEA,4277,6993.82
Lamp,Home,Samsung,2735,4842.28
Headphones,Electronics,IKEA,198,359.86
Jeans,Fashion,IKEA,3292,4687.72
Chair,Home,Nike,1633,2915.1
Sneakers,Fashion,IKEA,3572,6970.97
Jeans,Fashion,Puma,4269,5356.0
Smartphone,Electronics,Nike,3339,6635.12
Laptop,Electronics,Nike,4507,6235.5
Laptop,Electronics,Apple,4911,9700.58
Laptop,Electronics,Apple,3075,4725.87
Headphones,Electronics,Samsung,128,223.15
Jeans,Fashion,Sony,2853,3642.14
Smartphone,Electronics,Apple,3321,4809.79
Chair,Home,IKEA,3839,7235.69
Lamp,Home,Sony,2850,5159.28
Lamp,Home,Sony,4644,7396.93
Smartphone,Electronics,IKEA,2561,3709.93
Table,Home,Sony,2419,4247.12
Table,Home,Nike,1291,1588.31
Jeans,Fashion,Nike,514,924.19
Headphones,Electronics,Sony,714,1033.03
Headphones,Electronics,Sony,3488,5376.16
Jeans,Fashion,Puma,3065,5365.79
Table,Home,Nike,206,396.61
Laptop,Electronics,Puma,2238,3237.04
T-Shirt,Fashion,Samsung,3878,6134.25
Headphones,Electronics,Apple,1142,2153.74
Lamp,Home,Puma,4117,6417.29
Headphones,Electronics,IKEA,2062,3058.38
Table,Home,Sony,1937,2419.51
Lamp,Home,Nike,4374,5333.26
Jeans,Fashion,Nike,3774,4795.2
Lamp,Home,IKEA,4167,5203.87
Table,Home,Puma,4993,9078.55
Headphones,Electronics,Nike,4746,8229.2
Smartphone,Electronics,Samsung,717,1412.98
Sneakers,Fashion,IKEA,2949,5867.25
T-Shirt,Fashion,Samsung,703,924.69
Table,Home,Apple,4884,7187.42
Lamp,Home,Nike,2035,3641.25
Laptop,Electronics,Nike,1953,2671.25
Headphones,Electronics,Nike,3020,4456.42
Jeans,Fashion,Apple,1453,2671.0
Smartphone,Electronics,Samsung,3713,5859.26
Jeans,Fashion,Nike,3766,6253.39
T-Shirt,Fashion,Apple,365,506.07
T-Shirt,Fashion,Samsung,3083,4753.68
Jeans,Fashion,IKEA,1642,3156.93
T-Shirt,Fashion,Puma,754,946.56
Sneakers,Fashion,Samsung,2044,2662.13
Jeans,Fashion,Sony,4987,6254.91
Sneakers,Fashion,Sony,481,815.71
Jeans,Fashion,Apple,3465,4801.1
Headphones,Electronics,Sony,3849,5790.96
Smartphone,Electronics,Apple,520,889.08
T-Shirt,Fashion,Apple,3201,6246.31
Chair,Home,IKEA,4453,6009.51
Lamp,Home,IKEA,3568,6227.09
Jeans,Fashion,Samsung,2668,4204.5
T-Shirt,Fashion,Sony,4069,4893.3
Sneakers,Fashion,IKEA,3338,6188.51
Lamp,Home,Samsung,4661,8198.89
Laptop,Electronics,Nike,3480,5657.24
Chair,Home,Puma,2622,3840.87
T-Shirt,Fashion,Nike,4372,6475.89
T-Shirt,Fashion,Puma,2799,4841.67
Chair,Home,Sony,4309,7276.44
Jeans,Fashion,Apple,4489,6358.21
Jeans,Fashion,Apple,3977,6855.09
Headphones,Electronics,IKEA,1033,1496.17
Headphones,Electronics,IKEA,1250,2144.54
Table,Home,Samsung,3218,5657.04
Laptop,Electronics,Sony,1725,3055.69
Table,Home,Nike,3893,7622.61
Lamp,Home,Sony,3116,5117.43
Jeans,Fashion,Nike,3733,7408.26
Jeans,Fashion,IKEA,4174,6793.33
Laptop,Electronics,Apple,4803,6915.83
Headphones,Electronics,Apple,3329,5465.99
Lamp,Home,Samsung,4639,7303.5
Table,Home,Puma,1188,1632.67
Jeans,Fashion,Nike,4881,7598.04
Laptop,Electronics,IKEA,2692,5383.94
Laptop,Electronics,Samsung,911,1272.14
Lamp,Home,Nike,1747,2914.16
Smartphone,Electronics,Puma,1536,2284.98
T-Shirt,Fashion,Apple,1314,2395.65
T-Shirt,Fashion,Nike,4736,6270.11
Chair,Home,Apple,801,1504.28
Chair,Home,Sony,3874,6205.24
Table,Home,Nike,845,1216.25
Smartphone,Electronics,Samsung,1903,2398.22
Laptop,Electronics,IKEA,286,504.48
Table,Home,IKEA,1777,3336.3
Headphones,Electronics,Apple,2425,3948.85
Chair,Home,Puma,1052,2047.96
Sneakers,Fashion,Samsung,2842,4505.55
Laptop,Electronics,Samsung,3892,6476.44
Sneakers,Fashion,IKEA,4739,9369.78
Headphones,Electronics,Nike,4172,7062.45
Chair,Home,Apple,716,1333.01
T-Shirt,Fashion,Puma,4315,7848.88
Smartphone,Electronics,Nike,3239,4626.74
Headphones,Electronics,Apple,3368,5626.77
Headphones,Electronics,Puma,931,1502.54
T-Shirt,Fashion,Samsung,1221,2392.87
Chair,Home,Samsung,1840,2541.03
T-Shirt,Fashion,Samsung,2666,3948.32
Smartphone,Electronics,Nike,1933,3009.68
Headphones,Electronics,IKEA,4745,8442.28
Laptop,Electronics,Apple,1123,1802.57
Smartphone,Electronics,Sony,4956,8660.91
Jeans,Fashion,Puma,742,1025.97
Jeans,Fashion,Sony,3589,7170.45
Sneakers,Fashion,IKEA,2482,3060.19
Laptop,Electronics,Nike,1013,1333.7
Table,Home,Apple,1969,2731.38
Headphones,Electronics,Sony,3790,6726.47
Headphones,Electronics,Apple,4156,7399.85
Headphones,Electronics,Sony,4739,9227.97
Table,Home,Puma,3335,5332.75
Laptop,Electronics,IKEA,4295,5923.22
Chair,Home,Puma,1324,2003.73
Headphones,Electronics,Nike,1563,2386.59
Laptop,Electronics,Apple,4684,6909.12
T-Shirt,Fashion,Apple,1185,2291.86
Smartphone,Electronics,Apple,4569,8524.64
Laptop,Electronics,Nike,1887,3439.99
T-Shirt,Fashion,Samsung,4971,6407.48
T-Shirt,Fashion,Nike,497,946.88
Table,Home,Apple,1379,1881.9
Lamp,Home,Nike,118,201.86
Table,Home,Puma,1967,2549.4
Smartphone,Electronics,Puma,4377,7421.71
Laptop,Electronics,Nike,560,689.5
Jeans,Fashion,Sony,2249,4342.06
Laptop,Electronics,Puma,4251,6310.53
Lamp,Home,Samsung,3169,6108.02
Smartphone,Electronics,Puma,3343,5612.39
Smartphone,Electronics,Puma,1693,2238.68
Jeans,Fashion,Sony,679,1044.22
Sneakers,Fashion,Sony,881,1244.51
Sneakers,Fashion,Puma,4195,6945.54
Laptop,Electronics,Samsung,897,1684.75
T-Shirt,Fashion,Puma,1322,2511.66
Chair,Home,Nike,3499,5383.65
Headphones,Electronics,Samsung,494,662.36
Table,Home,Apple,2837,4001.52
Lamp,Home,Apple,519,757.35
Chair,Home,Apple,1103,1934.01
Headphones,Electronics,Sony,617,1029.32
Headphones,Electronics,IKEA,1389,2560.51
Headphones,Electronics,Puma,3906,5158.17
Smartphone,Electronics,Apple,4365,8218.73
Jeans,Fashion,Sony,2713,3256.39
Chair,Home,Puma,2781,4586.52
Smartphone,Electronics,Nike,1562,2528.46
Table,Home,Samsung,1188,1508.73
Headphones,Electronics,Puma,2381,3748.04
Jeans,Fashion,Apple,2717,4858.65
Chair,Home,IKEA,3859,6415.49
Jeans,Fashion,IKEA,703,1405.77
Lamp,Home,Nike,2003,3194.25
